<?xml version="1.0" encoding="UTF-8"?>

<process key="LoanAppRec" name="借款申请流程" xmlns="http://jbpm.org/4.4/jpdl">
   <start g="48,60,48,48" name="start1">
      <transition to="借款申请"/>
   </start>
   <task g="168,60,92,52" name="借款申请">
   	  <assignment-handler class="jbpm.AssignTask">
	   <field name="roleId">
        <string value=""/>
       </field>
      </assignment-handler>
      <transition g="-25,-20" name="approve" to="第一审批人"/>
   </task>
   <task g="336,60,92,52" name="第一审批人">
   	  <assignment-handler class="jbpm.AssignTask">
	   <field name="roleId">
        <string value="firstExamAppName"/>
       </field>
      </assignment-handler>
      <transition g="-23,-16" name="approve" to="exclusive1"/>
      <transition g="382,145;216,145:-18,-16" name="reject" to="借款申请"/>
   </task>
   <decision g="504,60,48,48" name="exclusive1">
      <handler class="jbpm.Decision" />
      <transition g="-30,-9" name="to2" to="第二审批人"/>
      <transition g="-47,-17" name="A" to="end1"/>
   </decision>
   <task g="480,168,92,52" name="第二审批人">
   	  <assignment-handler class="jbpm.AssignTask">
	   <field name="roleId">
        <string value="secondExamAppName"/>
       </field>
      </assignment-handler>
      <transition g="-21,-17" name="approve" to="exclusive2"/>
      <transition g="215,194:105,-17" name="reject" to="借款申请"/>
   </task>
   <decision g="647,171,48,48" name="exclusive2">
      <handler class="jbpm.Decision2" />
      <transition g="-25,-8" name="to3" to="第三审批人"/>
      <transition g="-29,-13" name="B" to="end1"/>
   </decision>
   <task g="624,264,92,52" name="第三审批人">
   	  <assignment-handler class="jbpm.AssignTask">
	   <field name="roleId">
        <string value="thirdExamAppName"/>
       </field>
      </assignment-handler>
      <transition g="-20,-17" name="approve" to="exclusive3"/>
      <transition g="216,288:186,-19" name="reject" to="借款申请"/>
   </task>
   <decision g="804,264,48,48" name="exclusive3">
      <handler class="jbpm.Decision3" />
      <transition g="-29,-10" name="to4" to="第四审批人"/>
      <transition g="-20,-10" name="C" to="end1"/>
   </decision>
   <task g="780,372,92,52" name="第四审批人">
   	  <assignment-handler class="jbpm.AssignTask">
	   <field name="roleId">
        <string value="fourthExamAppName"/>
       </field>
      </assignment-handler>
      <transition g="-23,-18" name="approve" to="exclusive4"/>
      <transition g="217,396:265,-19" name="reject" to="借款申请"/>
   </task>
   <decision g="948,372,48,48" name="exclusive4">
      <handler class="jbpm.Decision4" />
      <transition g="-27,-6" name="to5" to="第五审批人"/>
      <transition g="-20,0" name="D" to="end1"/>
   </decision>
   <task g="924,480,92,52" name="第五审批人">
   	  <assignment-handler class="jbpm.AssignTask">
	   <field name="roleId">
        <string value="fifthExamAppName"/>
       </field>
      </assignment-handler>
      <transition g="218,506:298,-18" name="reject" to="借款申请"/>
      <transition g="1045,505:-42,-78" name="approve" to="end1"/>
   </task>
   <end g="1020,60,48,48" name="end1"/>
   <description>用户借款申请流程！</description>
</process>